{
  "results": [
    {
      "command": "coreutils ls -1",
      "mean": 0.010305149839999998,
      "stddev": 0.0003922500276773604,
      "median": 0.010312502000000001,
      "user": 0.007875479999999999,
      "system": 0.00227176,
      "min": 0.009781533,
      "max": 0.010898246,
      "times": [
        0.010464214000000001,
        0.009830732,
        0.009919121000000001,
        0.010763456000000001,
        0.010665048,
        0.010098274,
        0.010779608000000001,
        0.010118472,
        0.009895672000000001,
        0.010164753,
        0.010617524000000001,
        0.009835358,
        0.010898246,
        0.010671362,
        0.010890123,
        0.009781533,
        0.010595404000000001,
        0.009827661000000001,
        0.010500104000000001,
        0.009823989,
        0.010312502000000001,
        0.010445721,
        0.010005183,
        0.010777621000000001,
        0.009947065000000001
      ],
      "memory_usage_byte": [
        6975488,
        6975488,
        6975488,
        6975488,
        7016448,
        7016448,
        7016448,
        7016448,
        7016448,
        7016448,
        7016448,
        7016448,
        7016448,
        7016448,
        7016448,
        7016448,
        7016448,
        7016448,
        7036928,
        7036928,
        7036928,
        7036928,
        7036928,
        7036928,
        7036928
      ],
      "exit_codes": [
        0,
        0,
        0,
        0,
        0,
        0,
        0,
        0,
        0,
        0,
        0,
        0,
        0,
        0,
        0,
        0,
        0,
        0,
        0,
        0,
        0,
        0,
        0,
        0,
        0
      ]
    },
    {
      "command": "f00 --gnu -1",
      "mean": 0.018418750480000003,
      "stddev": 0.0012829546813546298,
      "median": 0.017897255,
      "user": 0.013858760000000001,
      "system": 0.051752839999999994,
      "min": 0.016874653,
      "max": 0.021768353,
      "times": [
        0.01852856,
        0.020994065000000003,
        0.021768353,
        0.017178294,
        0.018816972,
        0.017831121000000002,
        0.017156736000000002,
        0.016882906,
        0.019773111000000003,
        0.019565264000000002,
        0.019193138000000002,
        0.017811108000000003,
        0.019113230000000002,
        0.018242494,
        0.019300148,
        0.019609221,
        0.017258577,
        0.017897255,
        0.019016551,
        0.016999846000000002,
        0.017805367000000002,
        0.017360544000000002,
        0.016874653,
        0.017595869,
        0.017895379
      ],
      "memory_usage_byte": [
        31232000,
        32083968,
        32083968,
        32083968,
        32083968,
        32083968,
        32083968,
        32083968,
        32083968,
        32083968,
        32083968,
        32083968,
        32083968,
        32083968,
        32083968,
        32083968,
        32083968,
        32083968,
        32083968,
        32083968,
        32083968,
        32083968,
        32083968,
        32083968,
        32083968
      ],
      "exit_codes": [
        0,
        0,
        0,
        0,
        0,
        0,
        0,
        0,
        0,
        0,
        0,
        0,
        0,
        0,
        0,
        0,
        0,
        0,
        0,
        0,
        0,
        0,
        0,
        0,
        0
      ]
    },
    {
      "command": "eza -1",
      "mean": 0.02938116628000001,
      "stddev": 0.0006460463464026478,
      "median": 0.029296476000000002,
      "user": 0.00899736,
      "system": 0.020124639999999996,
      "min": 0.028402888,
      "max": 0.031060590000000003,
      "times": [
        0.030018830000000003,
        0.029001424,
        0.030055870000000002,
        0.029084062,
        0.028684949,
        0.029414085000000003,
        0.029321348,
        0.030076628,
        0.028649448,
        0.029543433,
        0.029506301000000002,
        0.028874238000000003,
        0.030469089,
        0.028805135000000003,
        0.029732493000000002,
        0.029442099000000003,
        0.028402888,
        0.029296476000000002,
        0.029221577000000002,
        0.029042684000000003,
        0.028551905000000002,
        0.030179393000000002,
        0.031060590000000003,
        0.029044490000000003,
        0.029049722000000004
      ],
      "memory_usage_byte": [
        32083968,
        32083968,
        32083968,
        32083968,
        32083968,
        32083968,
        32083968,
        32083968,
        32083968,
        32083968,
        32083968,
        32083968,
        32083968,
        32083968,
        32083968,
        32083968,
        32083968,
        32083968,
        32083968,
        32083968,
        32083968,
        32083968,
        32083968,
        32083968,
        32083968
      ],
      "exit_codes": [
        0,
        0,
        0,
        0,
        0,
        0,
        0,
        0,
        0,
        0,
        0,
        0,
        0,
        0,
        0,
        0,
        0,
        0,
        0,
        0,
        0,
        0,
        0,
        0,
        0
      ]
    },
    {
      "command": "lsd -1",
      "mean": 0.06456699019999998,
      "stddev": 0.0010400849095376793,
      "median": 0.064462384,
      "user": 0.018585320000000006,
      "system": 0.045699319999999995,
      "min": 0.063353558,
      "max": 0.06803906300000001,
      "times": [
        0.06449677300000001,
        0.06370408600000001,
        0.06389784100000001,
        0.063762494,
        0.063353558,
        0.064096359,
        0.064462384,
        0.064417396,
        0.06803906300000001,
        0.066157171,
        0.065126802,
        0.064680598,
        0.06488943300000001,
        0.064496317,
        0.06425742100000001,
        0.06359748700000001,
        0.064802688,
        0.063566839,
        0.063714568,
        0.06557550000000001,
        0.06609063300000001,
        0.064497338,
        0.064638021,
        0.06436617,
        0.063487815
      ],
      "memory_usage_byte": [
        32083968,
        32083968,
        32083968,
        32083968,
        32083968,
        32083968,
        32083968,
        32083968,
        32083968,
        32083968,
        32083968,
        32083968,
        32083968,
        32083968,
        32083968,
        32083968,
        32083968,
        32083968,
        32083968,
        32083968,
        32083968,
        32083968,
        32083968,
        32083968,
        32083968
      ],
      "exit_codes": [
        0,
        0,
        0,
        0,
        0,
        0,
        0,
        0,
        0,
        0,
        0,
        0,
        0,
        0,
        0,
        0,
        0,
        0,
        0,
        0,
        0,
        0,
        0,
        0,
        0
      ]
    },
    {
      "command": "coreutils ls -l",
      "mean": 0.05122555808000001,
      "stddev": 0.0013613490936035945,
      "median": 0.051251062,
      "user": 0.020569520000000004,
      "system": 0.028869320000000004,
      "min": 0.046229695,
      "max": 0.05361772200000001,
      "times": [
        0.051899386000000006,
        0.046229695,
        0.051784418000000006,
        0.05126497,
        0.050925145000000005,
        0.052366607,
        0.052701949000000005,
        0.050076522000000005,
        0.052180192,
        0.051163844,
        0.050444646,
        0.052801488,
        0.051051614,
        0.050851207,
        0.05361772200000001,
        0.051261268000000006,
        0.051234741,
        0.051251062,
        0.050712774,
        0.051905378,
        0.049829542000000004,
        0.050624156000000003,
        0.052019296000000007,
        0.051601851000000004,
        0.050839479
      ],