{
  "results": [
    {
      "command": "coreutils ls -1",
      "mean": 0.010399335449999998,
      "stddev": 0.0003408914414694256,
      "median": 0.010385185000000002,
      "user": 0.0079779,
      "system": 0.0022708,
      "min": 0.009987691,
      "max": 0.010933858000000001,
      "times": [
        0.010933858000000001,
        0.010897794,
        0.010024154,
        0.010558751,
        0.009987691,
        0.010028581,
        0.010866276000000001,
        0.010714827000000001,
        0.010354178,
        0.010269403,
        0.010107892,
        0.01002191,
        0.010086588,
        0.010635022000000001,
        0.010047809000000001,
        0.010416192000000001,
        0.010035939,
        0.010750767000000001,
        0.010660493,
        0.010588584
      ],
      "memory_usage_byte": [
        6877184,
        6877184,
        6877184,
        6877184,
        6877184,
        6877184,
        6877184,
        6877184,
        6877184,
        6877184,
        6877184,
        6877184,
        6877184,
        6877184,
        6877184,
        6877184,
        7028736,
        7028736,
        7028736,
        7028736
      ],
      "exit_codes": [
        0,
        0,
        0,
        0,
        0,
        0,
        0,
        0,
        0,
        0,
        0,
        0,
        0,
        0,
        0,
        0,
        0,
        0,
        0,
        0
      ]
    },
    {
      "command": "f00 --gnu -1",
      "mean": 0.020143599800000002,
      "stddev": 0.0010976971252334353,
      "median": 0.020397593500000002,
      "user": 0.0135026,
      "system": 0.05497945,
      "min": 0.017736884,
      "max": 0.021732947000000002,
      "times": [
        0.020460062,
        0.020764206,
        0.021683042000000003,
        0.017736884,
        0.020982917,
        0.021590696000000003,
        0.018847695,
        0.019756365,
        0.020653423,
        0.021022930000000002,
        0.020603704,
        0.01944241,
        0.019640029,
        0.019189028,
        0.018460703000000002,
        0.020335125000000003,
        0.020903191,
        0.021732947000000002,
        0.019517350000000003,
        0.019549289
      ],
      "memory_usage_byte": [
        31354880,
        31354880,
        31354880,
        31354880,
        31354880,
        31354880,
        31354880,
        31354880,
        31649792,
        31649792,
        31649792,
        31649792,
        31649792,
        31649792,
        31649792,
        31649792,
        31662080,
        31662080,
        31662080,
        31662080
      ],
      "exit_codes": [
        0,
        0,
        0,
        0,
        0,
        0,
        0,
        0,
        0,
        0,
        0,
        0,
        0,
        0,
        0,
        0,
        0,
        0,
        0,
        0
      ]
    },
    {
      "command": "coreutils ls -l",
      "mean": 0.0501270318,
      "stddev": 0.0006369600585492079,
      "median": 0.050142277,
      "user": 0.0202042,
      "system": 0.028449449999999998,
      "min": 0.049067159000000006,
      "max": 0.051530191,
      "times": [
        0.051095099000000005,
        0.050334825,
        0.050882556,
        0.050102542,
        0.050212524,
        0.050192316,
        0.050260376,
        0.050427495,
        0.049805190000000006,
        0.049475862,
        0.049639579,
        0.050182012000000005,
        0.049067159000000006,
        0.049925674,
        0.049524979000000004,
        0.049167505,
        0.049703832,
        0.050945701,
        0.051530191,
        0.050065219
      ],
      "memory_usage_byte": [
        31662080,
        31662080,
        31662080,
        31662080,
        31662080,
        31662080,
        31662080,
        31662080,
        31662080,
        31662080,
        31662080,
        31662080,
        31662080,
        31662080,
        31662080,
        31662080,
        31662080,
        31662080,
        31662080,
        31662080
      ],
      "exit_codes": [
        0,
        0,
        0,
        0,
        0,
        0,
        0,
        0,
        0,
        0,
        0,
        0,
        0,
        0,
        0,
        0,
        0,
        0,
        0,
        0
      ]
    },
    {
      "command": "f00 --gnu -l",
      "mean": 0.038030082750000006,
      "stddev": 0.0017268785033287175,
      "median": 0.038080094,
      "user": 0.029580950000000005,
      "system": 0.05284825,
      "min": 0.03547546,
      "max": 0.040769583000000005,
      "times": [
        0.038475839000000005,
        0.03547546,
        0.035810808,
        0.036277945,
        0.039243973,
        0.038192322,
        0.040769583000000005,
        0.037019987000000004,
        0.037288451,
        0.037967866,
        0.036360526000000004,
        0.039908422000000006,
        0.039920781,
        0.036423503,
        0.037017725,
        0.035771165,
        0.038786261,
        0.040767836,
        0.039516705,
        0.039606497000000004
      ],
      "memory_usage_byte": [
        32350208,
        32350208,
        32350208,
        32350208,
        32350208,
        32350208,
        32350208,
        32350208,
        32350208,
        32473088,
        32473088,
        32473088,
        32534528,
        32534528,
        32534528,
        32534528,
        32534528,
        32534528,
        32534528,
        32534528
      ],
      "exit_codes": [
        0,
        0,
        0,
        0,
        0,
        0,
        0,
        0,
        0,
        0,
        0,
        0,
        0,
        0,
        0,
        0,
        0,
        0,
        0,
        0
      ]
    },
    {
      "command": "eza -1",
      "mean": 0.031211965950000004,
      "stddev": 0.0007994772992632829,
      "median": 0.031288316000000004,
      "user": 0.0101289,
      "system": 0.020876399999999996,
      "min": 0.029484063,
      "max": 0.03247006,
      "times": [
        0.032428888,
        0.031932781,
        0.031197130000000003,
        0.031135083,
        0.030301182000000003,
        0.030109505,
        0.031729673,
        0.031017747000000002,
        0.031552763000000005,
        0.030867951,
        0.029484063,
        0.030588907000000002,
        0.031379502000000004,
        0.03115472,
        0.030030973000000002,
        0.031940021,
        0.031875171,
        0.031458592,
        0.03247006,
        0.031584607
      ],
      "memory_usage_byte": [
        32534528,
        32534528,
        32534528,
        32534528,
        32534528,
        32534528,
        32534528,
        32534528,
        32534528,
        32534528,
        32534528,
        32534528,
        32534528,
        32534528,
        32534528,
        32534528,
        32534528,
        32534528,
        32534528,
        32534528
      ],
      "exit_codes": [
        0,
        0,
        0,
        0,
        0,
        0,
        0,
        0,
        0,
        0,
        0,
        0,
        0,
        0,
        0,
        0,
        0,
        0,
        0,
        0
      ]
    },
    {
      "command": "f00 -1 (product)",
      "mean": 0.01901629175,
      "stddev": 0.0010174845192064737,
      "median": 0.0188708825,
      "user": 0.014942800000000001,
      "system": 0.051294950000000006,
      "min": 0.017582585,
      "max": 0.02156181,
      "times": [
        0.018895024,
        0.019678828000000002,
        0.018740002000000002,
        0.019182521,
        0.018210847000000002,
        0.017582585,
        0.019469244,
        0.018948123,
        0.018096121,
        0.018525308,
        0.02156181,
        0.017995493,
        0.018286952000000002,
        0.019115936,
        0.019937403000000003,
        0.018532413,
        0.01892893,
        0.018415704,
        0.021375850000000002,
        0.018846741
      ],